Link Name,Center of Mass X,Center of Mass Y,Center of Mass Z,Center of Mass Roll,Center of Mass Pitch,Center of Mass Yaw,Mass,Moment Ixx,Moment Ixy,Moment Ixz,Moment Iyy,Moment Iyz,Moment Izz,Visual X,Visual Y,Visual Z,Visual Roll,Visual Pitch,Visual Yaw,Mesh Filename,Color Red,Color Green,Color Blue,Color Alpha,Collision X,Collision Y,Collision Z,Collision Roll,Collision Pitch,Collision Yaw,Collision Mesh Filename,Material Name,SW Components,Coordinate System,Axis Name,Joint Name,Joint Type,Joint Origin X,Joint Origin Y,Joint Origin Z,Joint Origin Roll,Joint Origin Pitch,Joint Origin Yaw,Parent,Joint Axis X,Joint Axis Y,Joint Axis Z,Limit Effort,Limit Velocity,Limit Lower,Limit Upper,Calibration rising,Calibration falling,Dynamics Damping,Dynamics Friction,Safety Soft Upper,Safety Soft Lower,Safety K Position,Safety K Velocity
BASE_link,-0.0111313542143779,0.000409095836428897,0.0829766913878993,0,0,0,2.4264581549556,0.00751012663604818,-1.55689816579725E-05,0.000225094060353391,0.00707590191197592,6.28847223157289E-05,0.00683414727483654,0,0,0,0,0,0,package://HUMAN-ASSY_URFD_ver.3/meshes/BASE_link.STL,0.792156862745098,0.819607843137255,0.933333333333333,1,0,0,0,0,0,0,package://HUMAN-ASSY_URFD_ver.3/meshes/BASE_link.STL,,LEG-D-1,BASE,,,,0,0,0,0,0,0,,0,0,0,,,,,,,,,,,,
LEG_C_Link,0.012529,-0.015169,0.098917,0,0,0,1.3906,0.0052028,0.00020228,-0.00052692,0.0051586,0.00017701,0.0030384,0,0,0,0,0,0,package://HUMAN-ASSY_URFD_ver.3/meshes/LEG_C_Link.STL,0.79216,0.81961,0.93333,1,0,0,0,0,0,0,package://HUMAN-ASSY_URFD_ver.3/meshes/LEG_C_Link.STL,,LEG-C-1,or_LEG-C,link-1_LEG-C,joint_1_LEG_C,revolute,0.000500001118696994,3.94863260000378E-05,0.088267949192,0,0,0,BASE_link,1,0,0,50,5,0,1.5708,,,,,,,,
LEG_A_Link,-0.00322404827079422,5.72102191875867E-05,-0.19504996410188,0,0,0,1.16238536563379,0.00752379849628237,8.01454162281565E-07,0.000327221691680512,0.00769712572878199,-2.12122291939544E-06,0.00254590827872452,0,0,0,0,0,0,package://HUMAN-ASSY_URFD_ver.3/meshes/LEG_A_Link.STL,0.792156862745098,0.819607843137255,0.933333333333333,1,0,0,0,0,0,0,package://HUMAN-ASSY_URFD_ver.3/meshes/LEG_A_Link.STL,,LEG-A-1,or_LEG-A,joint-2_LEG-A,joint_2_LEG_A,prismatic,-0.00069299,-0.019882,0.75448,0,0,0,LEG_C_Link,0,0,1,40,2,-0.24,0,,,,,,,,
BODY_A1_1_Link,-0.00222489530365861,0.0122245599822286,-0.00451054982894994,0,0,0,2.32685853908437,0.00491810815909088,9.05344034090241E-06,-3.86564101589557E-07,0.00703468514789518,-3.33027603174717E-06,0.00528060631506608,0,0,0,0,0,0,package://HUMAN-ASSY_URFD_ver.3/meshes/BODY_A1_1_Link.STL,0.592156862745098,0.666666666666667,0.682352941176471,1,0,0,0,0,0,0,package://HUMAN-ASSY_URFD_ver.3/meshes/BODY_A1_1_Link.STL,,BODY-A1_1-1,or_BODY-A1_1,joint-3_BODY-A1_1,joint_3_BODY_A1_1,revolute,-2.16185809188091E-05,0,-0.00480238878585015,0,0,0,LEG_A_Link,0,0,-1,40,16,-3.14,3.14,,,,,,,,
HAED_B_Link,0.0217375835841759,0.00724192417704433,0.053095883548357,0,0,0,0.0760457241164291,2.6724587385221E-05,-4.16128827745498E-07,-2.73345325421118E-06,2.56133200484202E-05,-4.10513964043728E-06,1.90953800245187E-05,0,0,0,0,0,0,package://HUMAN-ASSY_URFD_ver.3/meshes/HAED_B_Link.STL,0.792156862745098,0.819607843137255,0.933333333333333,1,0,0,0,0,0,0,package://HUMAN-ASSY_URFD_ver.3/meshes/HAED_B_Link.STL,,HAED-B-1,or_HAED-B,joint-4_HAED-B,joint_4_HAED_B,revolute,2.16179450283669E-05,0.00171381616556782,0.0607535887629951,0,0,0,BODY_A1_1_Link,0,0,-1,10,16,-3.14,3.14,,,,,,,,
HAED_As_Link,-0.0241322703258799,0.0130056700694588,0.0450252303208141,0,0,0,0.451420785654223,0.000796355294915092,2.29550397973488E-05,-1.75311084548572E-05,0.00126880058998824,1.09228550380716E-05,0.000959468437540349,0,0,0,0,0,0,package://HUMAN-ASSY_URFD_ver.3/meshes/HAED_As_Link.STL,0.792156862745098,0.819607843137255,0.933333333333333,1,0,0,0,0,0,0,package://HUMAN-ASSY_URFD_ver.3/meshes/HAED_As_Link.STL,,HAED-As-1,or_HAED-As,joint-5_HAED-As,joint_5_HAED_As,revolute,0.0247999913495787,0.000204577058025346,0.0770301529318649,0,0,0,HAED_B_Link,-1,0,0,10,16,-0.523,0.523,,,,,,,,
ARM_LEFT_A_Link,0.0547043437922452,0.000266003521787211,3.56629471294223E-05,0,0,0,0.431302266621769,0.000334299654145244,5.19061415421028E-07,-1.11488791288463E-08,0.000445404068078631,-1.13958890300355E-09,0.000314518993761918,0,0,0,0,0,0,package://HUMAN-ASSY_URFD_ver.3/meshes/ARM_LEFT_A_Link.STL,0.792156862745098,0.819607843137255,0.933333333333333,1,0,0,0,0,0,0,package://HUMAN-ASSY_URFD_ver.3/meshes/ARM_LEFT_A_Link.STL,,ARM-LEFT-A-1,or_ARM-LEFT-A,joint-6_ARM-LEFT-A,joint_6_ARM_LEFT_A,revolute,0.130521613937763,0.0378945845208191,-0.00399999999971978,0,0,0,BODY_A1_1_Link,-1,0,0,40,16.75,-1.49,3.49,,,,,,,,
ARM_LEFT_B_Link,-0.000369050666552712,-0.0099784571733538,-0.0396363685860948,0,0,0,0.113813653883565,9.21749063546581E-05,1.82464321371983E-08,-4.81679402763407E-08,0.000138588140775212,-9.23844166137569E-06,7.64900245949834E-05,0,0,0,0,0,0,package://HUMAN-ASSY_URFD_ver.3/meshes/ARM_LEFT_B_Link.STL,0.792156862745098,0.819607843137255,0.933333333333333,1,0,0,0,0,0,0,package://HUMAN-ASSY_URFD_ver.3/meshes/ARM_LEFT_B_Link.STL,,ARM-LEFT-B-1,or_ARM-LEFT-B,joint-7_ARM-LEFT-B,joint_7_ARM_LEFT_B,revolute,0.06,0.0301,0,0,0,0,ARM_LEFT_A_Link,0,-1,0,40,16.75,-0.17,3.32,,,,,,,,
ARM_LEFT_C_Link,0.00506593436639896,-0.0161873145274493,-0.125015023292294,0,0,0,0.408660316807001,0.000796482212289211,6.4885673775293E-07,-5.79547763807043E-06,0.000753742647874056,-1.17000494157217E-05,0.000243282739740689,0,0,0,0,0,0,package://HUMAN-ASSY_URFD_ver.3/meshes/ARM_LEFT_C_Link.STL,0.792156862745098,0.819607843137255,0.933333333333333,1,0,0,0,0,0,0,package://HUMAN-ASSY_URFD_ver.3/meshes/ARM_LEFT_C_Link.STL,,ARM-LEFT-C-1,or_ARM-LEFT-C,joint-8_ARM-LEFT-C,joint_8_ARM_LEFT_C,revolute,0,-0.0301,-0.0800000000000004,0,0,0,ARM_LEFT_B_Link,0,0,1,27,5.445,-1.57,1.57,,,,,,,,
ARM_LEFT_D_Link,-0.000964346431974489,0.0371382149167537,-0.0652006940023269,0,0,0,0.263146760897375,0.00040841601737922,-1.08286901247763E-06,4.96706745343801E-07,0.000300044013557352,5.75459337007845E-05,0.000208460891831576,0,0,0,0,0,0,package://HUMAN-ASSY_URFD_ver.3/meshes/ARM_LEFT_D_Link.STL,0.792156862745098,0.819607843137255,0.933333333333333,1,0,0,0,0,0,0,package://HUMAN-ASSY_URFD_ver.3/meshes/ARM_LEFT_D_Link.STL,,ARM-LEFT-D-1,or_ARM-LEFT-D,joint-9_ARM-LEFT-D,joint_9_ARM_LEFT_D,revolute,-5.00000000000222E-05,-0.043503623061,-0.225385906696,0,0,0,ARM_LEFT_C_Link,-1,0,0,27,5.445,0,3.14,,,,,,,,
ARM_LEFT_E_Link,0.000743900534598052,0.00241855889102893,-0.0494584383978024,0,0,0,0.253781893760031,0.000230823711971016,-7.32704975860853E-07,1.24961442795924E-06,0.000296649995186885,-5.70091097288788E-09,0.00015733115182952,0,0,0,0,0,0,package://HUMAN-ASSY_URFD_ver.3/meshes/ARM_LEFT_E_Link.STL,0.792156862745098,0.819607843137255,0.933333333333333,1,0,0,0,0,0,0,package://HUMAN-ASSY_URFD_ver.3/meshes/ARM_LEFT_E_Link.STL,,ARM-LEFT-E-1,or_ARM-LEFT-E,joint-10_ARM-LEFT-E,joint_10_ARM_LEFT_E,revolute,0,0.042175289743472,-0.11155048353728,0,0,0,ARM_LEFT_D_Link,0,0,1,7,20.94,-1.57,1.57,,,,,,,,
ARM_LEFT_G_Link,-0.000231718138028775,-0.000304043372009954,8.87389255948001E-05,0,0,0,0.128824324074872,5.12970141114296E-05,2.79515557644646E-07,-9.10032009717529E-09,4.36485321722362E-05,-6.46903047835283E-14,4.39572934056854E-05,0,0,0,0,0,0,package://HUMAN-ASSY_URFD_ver.3/meshes/ARM_LEFT_G_Link.STL,0.792156862745098,0.819607843137255,0.933333333333333,1,0,0,0,0,0,0,package://HUMAN-ASSY_URFD_ver.3/meshes/ARM_LEFT_G_Link.STL,,ARM-LEFT-G-1,or_ARM-LEFT-G,joint-11_ARM-LEFT-G,joint-11_ARM_LEFT_G,revolute,0,0,-0.12049999999972,0,0,0,ARM_LEFT_E_Link,0,-1,0,7,20.94,-0.79,0.79,,,,,,,,
HANDLE_LEFT_Link,5.66385479322529E-07,-0.029047906491613,-0.00822726224542061,0,0,0,0.0355386245148231,8.75796689045232E-06,-8.86244666305207E-12,1.39771939467055E-12,1.08305056698875E-05,2.51457015605447E-07,8.90791424081594E-06,0,0,0,0,0,0,package://HUMAN-ASSY_URFD_ver.3/meshes/HANDLE_LEFT_Link.STL,0.792156862745098,0.819607843137255,0.933333333333333,1,0,0,0,0,0,0,package://HUMAN-ASSY_URFD_ver.3/meshes/HANDLE_LEFT_Link.STL,,HANDLE_LEFT-1,or_HANDLE_LEFT,joint-12_HANDLE_LEFT,joint-12_HANDLE_LEFT,revolute,0.0205,0,0,1.5707963267949,0,1.5707963267949,ARM_LEFT_G_Link,0,0,-1,7,20.94,-1.57,1.57,,,,,,,,
ARM_RIGHT_A_Link,-0.0546895034769377,0.000265760035539825,2.98825897360189E-08,0,0,0,0.431697581713749,0.000334305869449502,-5.19055669098767E-07,-1.11252184169472E-08,0.000445407303187449,1.17087058335671E-09,0.000314523705645878,0,0,0,0,0,0,package://HUMAN-ASSY_URFD_ver.3/meshes/ARM_RIGHT_A_Link.STL,0.792156862745098,0.819607843137255,0.933333333333333,1,0,0,0,0,0,0,package://HUMAN-ASSY_URFD_ver.3/meshes/ARM_RIGHT_A_Link.STL,,ARM-RIGHT-A-1,or_ARM-RIGHT-A,joint-13_ARM-RIGHT-A,joint_13_ARM_RIGHT_A,revolute,-0.13048,0.037895,-0.004,0,0,0,BODY_A1_1_Link,1,0,0,40,16.75,-3.49,1.4,,,,,,,,
ARM_RIGHT_B_Link,0.000343828882356761,-0.00997787991390656,-0.0396512706567191,0,0,0,0.113813771649095,9.21761446501644E-05,-2.02022578213229E-08,5.03246606203037E-08,0.000138590260959994,-9.23833982281085E-06,7.64909311733243E-05,0,0,0,0,0,0,package://HUMAN-ASSY_URFD_ver.3/meshes/ARM_RIGHT_B_Link.STL,0.792156862745098,0.819607843137255,0.933333333333333,1,0,0,0,0,0,0,package://HUMAN-ASSY_URFD_ver.3/meshes/ARM_RIGHT_B_Link.STL,,ARM-RIGHT-B-1,or_ARM-RIGHT-B,joint-14_ARM-RIGHT-B,joint_14_ARM_RIGHT_B,revolute,-0.06,0.0301,0,0,0,0,ARM_RIGHT_A_Link,0,-1,0,40,16.74,-3.32,0.17,,,,,,,,
ARM_RIGHT_C_Link,0.00527954505527423,-0.016309538195961,-0.125859651068924,0,0,0,0.411573540602913,0.000801882171644512,5.16491359859111E-07,-6.23349199518321E-06,0.000759339893253033,-1.2438558772185E-05,0.000244294755806519,0,0,0,0,0,0,package://HUMAN-ASSY_URFD_ver.3/meshes/ARM_RIGHT_C_Link.STL,0.792156862745098,0.819607843137255,0.933333333333333,1,0,0,0,0,0,0,package://HUMAN-ASSY_URFD_ver.3/meshes/ARM_RIGHT_C_Link.STL,,ARM-RIGHT-C-1,or_ARM-RIGHT-C,joint-15_ARM-RIGHT-C,joint_15_ARM_RIGHT_C,revolute,0,-0.0301,-0.07981,0,0,0,ARM_RIGHT_B_Link,0,0,1,27,5.445,-1.57,1.57,,,,,,,,
ARM_RIGHT_D_Link,-0.000378043978999154,0.0373674407720196,-0.065600352931081,0,0,0,0.261536181617175,0.000408221885535078,-5.21075748821083E-07,-6.90997180663633E-08,0.000299945690667166,5.75416534919999E-05,0.000208361226783661,0,0,0,0,0,0,package://HUMAN-ASSY_URFD_ver.3/meshes/ARM_RIGHT_D_Link.STL,0.792156862745098,0.819607843137255,0.933333333333333,1,0,0,0,0,0,0,package://HUMAN-ASSY_URFD_ver.3/meshes/ARM_RIGHT_D_Link.STL,,ARM-RIGHT-D-1,or_ARM-RIGHT-D,joint-16_ARM-RIGHT-D,joint_16_ARM_RIGHT-D,revolute,0,-0.043503638701146,-0.225635906695,0,0,0,ARM_RIGHT_C_Link,-1,0,0,27,5.445,0,3.14,,,,,,,,
ARM_RIGHT_E_Link,-0.000760954798151386,0.00240871708596832,-0.0492182261894678,0,0,0,0.25314715088768,0.00023080567742516,7.33126235410851E-07,-1.25146521463435E-06,0.000296613700433211,-5.90384532350324E-09,0.000157312668447223,0,0,0,0,0,0,package://HUMAN-ASSY_URFD_ver.3/meshes/ARM_RIGHT_E_Link.STL,0.792156862745098,0.819607843137255,0.933333333333333,1,0,0,0,0,0,0,package://HUMAN-ASSY_URFD_ver.3/meshes/ARM_RIGHT_E_Link.STL,,ARM-RIGHT-E-1,or_ARM-RIGHT-E,joint-17_ARM-RIGHT-E,joint_17_ARM_RIGHT_E,revolute,0,0.042175,-0.11155,0,0,0,ARM_RIGHT_D_Link,0,0,-1,7,20.94,-1.57,1.57,,,,,,,,
ARM_RIGHT_G_Link,0.00023020864649495,-0.000528804621145129,8.8160796540615E-05,0,0,0,0.129669097696943,5.13160043236543E-05,2.91731989634983E-07,9.10032378191938E-09,4.36841295695887E-05,7.25788188893751E-14,4.39762836145648E-05,0,0,0,0,0,0,package://HUMAN-ASSY_URFD_ver.3/meshes/ARM_RIGHT_G_Link.STL,0.792156862745098,0.819607843137255,0.933333333333333,1,0,0,0,0,0,0,package://HUMAN-ASSY_URFD_ver.3/meshes/ARM_RIGHT_G_Link.STL,,ARM-RIGHT-G-1,or_ARM-RIGHT-G,joint-18_ARM-RIGHT-G,joint_18_ARM_RIGHT_G,revolute,0,0,-0.1205,0,0,0,ARM_RIGHT_E_Link,0,1,0,7,20.94,-0.79,0.79,,,,,,,,
HANDLE_RIGTH_Link,0.00822726224529829,-5.97667160956439E-07,-0.0290479064919108,0,0,0,0.0355386245148589,8.90791424105756E-06,1.39771932393519E-12,-2.51457015610631E-07,8.75796689067074E-06,8.86244979863367E-12,1.08305056698741E-05,0,0,0,0,0,0,package://HUMAN-ASSY_URFD_ver.3/meshes/HANDLE_RIGTH_Link.STL,0.792156862745098,0.819607843137255,0.933333333333333,1,0,0,0,0,0,0,package://HUMAN-ASSY_URFD_ver.3/meshes/HANDLE_RIGTH_Link.STL,,HANDLE_RIGHT-1,or_HANDLE_RIGTH,joint-19_HANDLE_RIGTH,joint_19_HANDLE_RIGTH,revolute,-0.0205,0,0,0,0,0,ARM_RIGHT_G_Link,1,0,0,7,20.94,-1.57,1.57,,,,,,,,
LEG_B_Link,-3.3149E-06,1.4908E-06,-0.10042,0,0,0,0.37687,0.0018883,-4.5846E-08,-9.8649E-08,0.0018883,4.4371E-08,0.0012335,0,0,0,0,0,0,package://HUMAN-ASSY_URFD_ver.3/meshes/LEG_B_Link.STL,0.79216,0.81961,0.93333,1,0,0,0,0,0,0,package://HUMAN-ASSY_URFD_ver.3/meshes/LEG_B_Link.STL,,LEG-B-1,or_LEG_B,joint-2_LEG-A,joint_2_LEG_B,prismatic,0,0,-0.31007,0,0,0,LEG_A_Link,0,0,1,40,2,0,0.15,,,,,,,,
